{"train_loss": [1.2907001376152039, 1.007272293170293, 0.9395439326763153, 0.8598720033963522, 0.8178766469160715, 0.7346028387546539, 0.6147778878609339, 0.49384771287441254, 0.390394260485967, 0.17822150141000748, 0.09448519938935836, 0.1248472345372041, 0.4467116181428234, 0.2681518259147803, 0.1790357194840908, 0.13624879717826843, 0.09968908752004306, 0.26304342101017636, 0.09003299102187157, 0.06275611743330956, 0.05833606608211994, 0.0568534592166543, 0.05785620833436648, 0.17226840058962503, 0.050341776882608734, 0.0754295252263546, 0.033260099589824677, 0.03614092400918404, 0.02588618981341521, 0.023004992787415784], "val_loss": [1.0799340770742987, 1.0315471840443584, 0.9870361941682417, 0.922616297579081, 0.8084173512324101, 0.7108927880976833, 0.5680024913475339, 0.44271081467132783, 0.3247325571916871, 0.19403727377875377, 0.13968074723741428, 0.1014044722173847, 0.635854856442597, 0.16221090848163022, 0.19748710239000913, 0.1054428711449359, 0.08508309577775877, 0.11896115944505074, 0.04676710616397319, 0.07875194905673043, 0.10682699753571365, 0.0941609720683704, 0.17811242368935193, 0.06642240921487916, 0.05423612452748805, 0.0327015827320474, 0.03735031335914539, 0.03144369876317385, 0.02578732368436321, 0.02412420461522573], "train_acc": [0.5611979166666666, 0.5794270833333334, 0.6276041666666666, 0.66015625, 0.7096354166666666, 0.7408854166666666, 0.7825520833333334, 0.8502604166666666, 0.92578125, 0.9596354166666666, 0.9817708333333334, 0.9765625, 0.8072916666666666, 0.96484375, 0.9713541666666666, 0.9817708333333334, 0.9791666666666666, 0.9674479166666666, 0.98828125, 0.9921875, 0.9934895833333334, 0.9921875, 0.9674479166666666, 0.9908854166666666, 0.9791666666666666, 0.9947916666666666, 0.9934895833333334, 0.99609375, 0.9973958333333334, 0.99609375], "val_acc": [0.5480225988700564, 0.559322033898305, 0.6045197740112994, 0.6440677966101694, 0.711864406779661, 0.7740112994350282, 0.8135593220338984, 0.8700564971751412, 0.9152542372881356, 0.9491525423728814, 0.9717514124293786, 0.9774011299435028, 0.807909604519774, 0.9774011299435028, 0.96045197740113, 0.9887005649717514, 0.9830508474576272, 0.9774011299435028, 0.9887005649717514, 0.9774011299435028, 0.9774011299435028, 0.9774011299435028, 0.96045197740113, 0.9830508474576272, 0.9830508474576272, 0.9943502824858758, 0.9943502824858758, 0.9943502824858758, 0.9943502824858758, 0.9943502824858758]}